{
  "Reason for absence_0": {
    "mean": 0.04779411764705882,
    "std": 0.21372359007418937,
    "min": 0.0,
    "max": 1.0
  },
  "Reason for absence_1": {
    "mean": 0.014705882352941176,
    "std": 0.12059472047870365,
    "min": 0.0,
    "max": 1.0
  },
  "Reason for absence_10": {
    "mean": 0.025735294117647058,
    "std": 0.15863640505265886,
    "min": 0.0,
    "max": 1.0
  },
  "Reason for absence_11": {
    "mean": 0.03308823529411765,
    "std": 0.17919670984839695,
    "min": 0.0,
    "max": 1.0
  },
  "Reason for absence_12": {
    "mean": 0.0,
    "std": 0.0,
    "min": 0.0,
    "max": 0.0
  },
  "Reason for absence_13": {
    "mean": 0.04779411764705882,
    "std": 0.21372359007418937,
    "min": 0.0,
    "max": 1.0
  },
  "Reason for absence_14": {
    "mean": 0.03308823529411765,
    "std": 0.17919670984839692,
    "min": 0.0,
    "max": 1.0
  },
  "Reason for absence_15": {
    "mean": 0.007352941176470588,
    "std": 0.08559093732518162,
    "min": 0.0,
    "max": 1.0
  },
  "Reason for absence_16": {
    "mean": 0.0,
    "std": 0.0,
    "min": 0.0,
    "max": 0.0
  },
  "Reason for absence_17": {
    "mean": 0.003676470588235294,
    "std": 0.060633906259083235,
    "min": 0.0,
    "max": 1.0
  },
  "Reason for absence_18": {
    "mean": 0.01838235294117647,
    "std": 0.1345772146334671,
    "min": 0.0,
    "max": 1.0
  },
  "Reason for absence_19": {
    "mean": 0.025735294117647058,
    "std": 0.15863640505265889,
    "min": 0.0,
    "max": 1.0
  },
  "Reason for absence_21": {
    "mean": 0.014705882352941176,
    "std": 0.12059472047870366,
    "min": 0.0,
    "max": 1.0
  },
  "Reason for absence_22": {
    "mean": 0.03308823529411765,
    "std": 0.1791967098483969,
    "min": 0.0,
    "max": 1.0
  },
  "Reason for absence_23": {
    "mean": 0.21323529411764705,
    "std": 0.41034749445269336,
    "min": 0.0,
    "max": 1.0
  },
  "Reason for absence_24": {
    "mean": 0.003676470588235294,
    "std": 0.06063390625908324,
    "min": 0.0,
    "max": 1.0
  },
  "Reason for absence_25": {
    "mean": 0.04779411764705882,
    "std": 0.21372359007418937,
    "min": 0.0,
    "max": 1.0
  },
  "Reason for absence_26": {
    "mean": 0.07352941176470588,
    "std": 0.2614846327299106,
    "min": 0.0,
    "max": 1.0
  },
  "Reason for absence_27": {
    "mean": 0.125,
    "std": 0.3313285345181997,
    "min": 0.0,
    "max": 1.0
  },
  "Reason for absence_28": {
    "mean": 0.18382352941176472,
    "std": 0.3880542032811605,
    "min": 0.0,
    "max": 1.0
  },
  "Reason for absence_3": {
    "mean": 0.003676470588235294,
    "std": 0.06063390625908324,
    "min": 0.0,
    "max": 1.0
  },
  "Reason for absence_4": {
    "mean": 0.0,
    "std": 0.0,
    "min": 0.0,
    "max": 0.0
  },
  "Reason for absence_5": {
    "mean": 0.003676470588235294,
    "std": 0.06063390625908324,
    "min": 0.0,
    "max": 1.0
  },
  "Reason for absence_6": {
    "mean": 0.011029411764705883,
    "std": 0.10463275726035144,
    "min": 0.0,
    "max": 1.0
  },
  "Reason for absence_7": {
    "mean": 0.022058823529411766,
    "std": 0.14714562231137043,
    "min": 0.0,
    "max": 1.0
  },
  "Reason for absence_8": {
    "mean": 0.003676470588235294,
    "std": 0.060633906259083235,
    "min": 0.0,
    "max": 1.0
  },
  "Reason for absence_9": {
    "mean": 0.003676470588235294,
    "std": 0.060633906259083235,
    "min": 0.0,
    "max": 1.0
  },
  "Month of absence_1": {
    "mean": 0.08088235294117647,
    "std": 0.2731569452446755,
    "min": 0.0,
    "max": 1.0
  },
  "Month of absence_10": {
    "mean": 0.09926470588235294,
    "std": 0.2995682806381356,
    "min": 0.0,
    "max": 1.0
  },
  "Month of absence_11": {
    "mean": 0.10294117647058823,
    "std": 0.30444218580463484,
    "min": 0.0,
    "max": 1.0
  },
  "Month of absence_12": {
    "mean": 0.06985294117647059,
    "std": 0.25536887521141244,
    "min": 0.0,
    "max": 1.0
  },
  "Month of absence_2": {
    "mean": 0.11397058823529412,
    "std": 0.31836130096314186,
    "min": 0.0,
    "max": 1.0
  },
  "Month of absence_3": {
    "mean": 0.11764705882352941,
    "std": 0.32278363835065976,
    "min": 0.0,
    "max": 1.0
  },
  "Month of absence_4": {
    "mean": 0.06985294117647059,
    "std": 0.25536887521141244,
    "min": 0.0,
    "max": 1.0
  },
  "Month of absence_5": {
    "mean": 0.05514705882352941,
    "std": 0.2286878511758996,
    "min": 0.0,
    "max": 1.0
  },
  "Month of absence_6": {
    "mean": 0.05514705882352941,
    "std": 0.2286878511758996,
    "min": 0.0,
    "max": 1.0
  },
  "Month of absence_7": {
    "mean": 0.08455882352941177,
    "std": 0.27873691823968116,
    "min": 0.0,
    "max": 1.0
  },
  "Month of absence_8": {
    "mean": 0.09926470588235294,
    "std": 0.2995682806381357,
    "min": 0.0,
    "max": 1.0
  },
  "Month of absence_9": {
    "mean": 0.051470588235294115,
    "std": 0.22136286822084447,
    "min": 0.0,
    "max": 1.0
  },
  "Day of the week_2": {
    "mean": 0.18382352941176472,
    "std": 0.3880542032811605,
    "min": 0.0,
    "max": 1.0
  },
  "Day of the week_3": {
    "mean": 0.22426470588235295,
    "std": 0.4178660113875929,
    "min": 0.0,
    "max": 1.0
  },
  "Day of the week_4": {
    "mean": 0.22794117647058823,
    "std": 0.4202777462356277,
    "min": 0.0,
    "max": 1.0
  },
  "Day of the week_5": {
    "mean": 0.16544117647058823,
    "std": 0.37226318438148476,
    "min": 0.0,
    "max": 1.0
  },
  "Day of the week_6": {
    "mean": 0.19852941176470587,
    "std": 0.3996281101699793,
    "min": 0.0,
    "max": 1.0
  },
  "Seasons_1": {
    "mean": 0.23529411764705882,
    "std": 0.4249644068906734,
    "min": 0.0,
    "max": 1.0
  },
  "Seasons_2": {
    "mean": 0.28308823529411764,
    "std": 0.4513293439248652,
    "min": 0.0,
    "max": 1.0
  },
  "Seasons_3": {
    "mean": 0.20220588235294118,
    "std": 0.40238530703272923,
    "min": 0.0,
    "max": 1.0
  },
  "Seasons_4": {
    "mean": 0.27941176470588236,
    "std": 0.44953730161549194,
    "min": 0.0,
    "max": 1.0
  },
  "Disciplinary failure_False": {
    "mean": 0.9522058823529411,
    "std": 0.21372359007418937,
    "min": 0.0,
    "max": 1.0
  },
  "Disciplinary failure_True": {
    "mean": 0.04779411764705882,
    "std": 0.21372359007418937,
    "min": 0.0,
    "max": 1.0
  },
  "Education_1": {
    "mean": 0.8529411764705882,
    "std": 0.35481738486272746,
    "min": 0.0,
    "max": 1.0
  },
  "Education_2": {
    "mean": 0.04044117647058824,
    "std": 0.19735471146106492,
    "min": 0.0,
    "max": 1.0
  },
  "Education_3": {
    "mean": 0.10661764705882353,
    "std": 0.3091954100665975,
    "min": 0.0,
    "max": 1.0
  },
  "Social drinker_False": {
    "mean": 0.4852941176470588,
    "std": 0.5007049512746532,
    "min": 0.0,
    "max": 1.0
  },
  "Social drinker_True": {
    "mean": 0.5147058823529411,
    "std": 0.5007049512746532,
    "min": 0.0,
    "max": 1.0
  },
  "Social smoker_False": {
    "mean": 0.9338235294117647,
    "std": 0.2490485476274057,
    "min": 0.0,
    "max": 1.0
  },
  "Social smoker_True": {
    "mean": 0.0661764705882353,
    "std": 0.24904854762740572,
    "min": 0.0,
    "max": 1.0
  },
  "Transportation expense": {
    "mean": -0.030089547683614114,
    "std": 0.9938532038354806,
    "min": -1.8536607981233224,
    "max": 2.702965843053706
  },
  "Distance from Residence to Work": {
    "mean": -0.01689088951597298,
    "std": 0.9871406236961172,
    "min": -1.8251299130649596,
    "max": 1.367516888507392
  },
  "Service time": {
    "mean": -0.010208126828453701,
    "std": 1.0157083046715774,
    "min": -1.7891910778343847,
    "max": 3.2481880600869935
  },
  "Age": {
    "mean": -0.014416829910298357,
    "std": 1.022533523463374,
    "min": -1.781299998675883,
    "max": 2.1211946980698664
  },
  "Work load Average/day": {
    "mean": 0.010876684087261486,
    "std": 1.0204831116292297,
    "min": -1.8146154689535212,
    "max": 2.5264957050128265
  },
  "Hit target": {
    "mean": 0.017152556419320713,